Workbook

Sheet BOM Report
A1: Manufacturer | B1: MPN | C1: Quantity | D1: Alternate Manufacturer 1 | E1: Alternate MPN 1 | F1: Alternate Manufacturer 2 | G1: Alternate MPN 2 | H1: Alternate Manufacturer 3 | I1: Alternate MPN 3
A2: TDK | B2: CGA2B3X7R1E104K050BB | C2: 64 | F2: =VLOOKUP(B2,Sheet1!$F$2:$N$100,6,False) -> Samsung | G2: =VLOOKUP(B2,Sheet1!$F$2:$N$100,7,False) -> CL05B104KA54PNC | H2: =VLOOKUP(B2,Sheet1!$F$2:$N$100,8,False) | I2: =VLOOKUP(B2,Sheet1!$F$2:$N$100,9,False)
A3: TDK | B3: CGA3E3X7R1E334K080AB | C3: 19 | F3: =VLOOKUP(B3,Sheet1!$F$2:$N$100,6,False) -> Samsung | G3: =VLOOKUP(B3,Sheet1!$F$2:$N$100,7,False) -> CL10B334KA8VPNC | H3: =VLOOKUP(B3,Sheet1!$F$2:$N$100,8,False) | I3: =VLOOKUP(B3,Sheet1!$F$2:$N$100,9,False)
A4: KEMET | B4: C0805C104K1RACAUTO | C4: 2 | F4: =VLOOKUP(B4,Sheet1!$F$2:$N$100,6,False) -> Murata Electronics | G4: =VLOOKUP(B4,Sheet1!$F$2:$N$100,7,False) -> GCJ21BR72A104KA01L | H4: =VLOOKUP(B4,Sheet1!$F$2:$N$100,8,False) -> Samsung | I4: =VLOOKUP(B4,Sheet1!$F$2:$N$100,9,False) -> CL21B104KCFWPNE
A5: KEMET | B5: C0805C224K1RECAUTO | C5: 6 | F5: =VLOOKUP(B5,Sheet1!$F$2:$N$100,6,False) | G5: =VLOOKUP(B5,Sheet1!$F$2:$N$100,7,False) | H5: =VLOOKUP(B5,Sheet1!$F$2:$N$100,8,False) | I5: =VLOOKUP(B5,Sheet1!$F$2:$N$100,9,False)
A6: TDK | B6: CGA4J3X7R1E105K125AB | C6: 28 | F6: =VLOOKUP(B6,Sheet1!$F$2:$N$100,6,False) -> Samsung | G6: =VLOOKUP(B6,Sheet1!$F$2:$N$100,7,False) -> CL21B105KAFVPNE | H6: =VLOOKUP(B6,Sheet1!$F$2:$N$100,8,False) | I6: =VLOOKUP(B6,Sheet1!$F$2:$N$100,9,False)
A7: KEMET | B7: C0603C224K4RECAUTO | C7: 18 | F7: =VLOOKUP(B7,Sheet1!$F$2:$N$100,6,False) -> KEMET | G7: =VLOOKUP(B7,Sheet1!$F$2:$N$100,7,False) -> C0603C224K3RECAUTO | H7: =VLOOKUP(B7,Sheet1!$F$2:$N$100,8,False) -> KEMET | I7: =VLOOKUP(B7,Sheet1!$F$2:$N$100,9,False) -> C0603C224K3RECAUTO
A8: Murata | B8: GCM21A5C2E102JX01D | C8: 7 | F8: =VLOOKUP(B8,Sheet1!$F$2:$N$100,6,False) -> TDK | G8: =VLOOKUP(B8,Sheet1!$F$2:$N$100,7,False) -> CGA4F3C0G2E102J085AA | H8: =VLOOKUP(B8,Sheet1!$F$2:$N$100,8,False) | I8: =VLOOKUP(B8,Sheet1!$F$2:$N$100,9,False)
A9: TDK | B9: CGA3E1X7R1E105K080AC | C9: 4 | F9: =VLOOKUP(B9,Sheet1!$F$2:$N$100,6,False) -> Samsung | G9: =VLOOKUP(B9,Sheet1!$F$2:$N$100,7,False) -> CL10B105KA8VPNC | H9: =VLOOKUP(B9,Sheet1!$F$2:$N$100,8,False) | I9: =VLOOKUP(B9,Sheet1!$F$2:$N$100,9,False)
A10: Murata | B10: GCM1555C1H221JA16D | C10: 4 | F10: =VLOOKUP(B10,Sheet1!$F$2:$N$100,6,False) -> Samsung | G10: =VLOOKUP(B10,Sheet1!$F$2:$N$100,7,False) -> CL05C221JB51PNC | H10: =VLOOKUP(B10,Sheet1!$F$2:$N$100,8,False) | I10: =VLOOKUP(B10,Sheet1!$F$2:$N$100,9,False)
A11: KEMET | B11: C0603C472K4RECAUTO | C11: 5 | F11: =VLOOKUP(B11,Sheet1!$F$2:$N$100,6,False) | G11: =VLOOKUP(B11,Sheet1!$F$2:$N$100,7,False) | H11: =VLOOKUP(B11,Sheet1!$F$2:$N$100,8,False) | I11: =VLOOKUP(B11,Sheet1!$F$2:$N$100,9,False)
A12: KEMET | B12: C0603C103K4RECAUTO | C12: 6 | F12: =VLOOKUP(B12,Sheet1!$F$2:$N$100,6,False) | G12: =VLOOKUP(B12,Sheet1!$F$2:$N$100,7,False) | H12: =VLOOKUP(B12,Sheet1!$F$2:$N$100,8,False) | I12: =VLOOKUP(B12,Sheet1!$F$2:$N$100,9,False)
A13: TDK | B13: CGA3E2X7R2A103K080AA | C13: 4 | F13: =VLOOKUP(B13,Sheet1!$F$2:$N$100,6,False) -> Samsung | G13: =VLOOKUP(B13,Sheet1!$F$2:$N$100,7,False) -> CL10B103KC8WPNC | H13: =VLOOKUP(B13,Sheet1!$F$2:$N$100,8,False) | I13: =VLOOKUP(B13,Sheet1!$F$2:$N$100,9,False)
... A18: Taiyo Yuden | B18: HMK325B7225KMHP | C18: 4 | F18: =VLOOKUP(B18,Sheet1!$F$2:$N$100,6,False) -> Murata Electronics | G18: =VLOOKUP(B18,Sheet1!$F$2:$N$100,7,False) -> GCJ32DR72A225KA01L | H18: =VLOOKUP(B18,Sheet1!$F$2:$N$100,8,False) | I18: =VLOOKUP(B18,Sheet1!$F$2:$N$100,9,False)
A19: Molex | B19: 5051538000 | C19: 30
A20: Molex | B20: 5025790000 | C20: 22
A21: Nexperia | B21: BZT52H-B16-Q | C21: 1
A22: Vishay | B22: V35PWM15HM3/I | C22: 2
A23: Nexperia | B23: PMEG10010ELR-Q | C23: 3
A24: Nexperia | B24: BZX84-B5V6-Q | C24: 3
A25: Nexperia | B25: PTVS64VS1UR-Q | C25: 2
A26: Nexperia | B26: PTVS13VS1UR-Q | C26: 2
A27: Nexperia | B27: PESD5Z3.3,115 | C27: 2
A28: Nexperia | B28: PMEG10020ELR-Q | C28: 1
A29: Nexperia | B29: PMBD914-Q | C29: 6
A30: Nexperia | B30: BZX84-B4V3-Q | C30: 2
A31: LITTELFUSE | B31: ITV9550L5060MR | C31: 2 | D31: Dexerials | E31: SFK-5060
A32: Wurth Elektronik | B32: 7460408 | C32: 3
A33: Molex | B33: 5023521200 | C33: 1
A34: Molex | B34: 5031482270 | C34: 1
A35: Molex | B35: 502352-1000 | C35: 1 | F35: =VLOOKUP(B35,Sheet1!$F$2:$N$100,6,False) | G35: =VLOOKUP(B35,Sheet1!$F$2:$N$100,7,False) | H35: =VLOOKUP(B35,Sheet1!$F$2:$N$100,8,False) | I35: =VLOOKUP(B35,Sheet1!$F$2:$N$100,9,False)
A36: Bourns | B36: SRU1048A-560Y | C36: 1 | F36: =VLOOKUP(B36,Sheet1!$F$2:$N$100,6,False) | G36: =VLOOKUP(B36,Sheet1!$F$2:$N$100,7,False) | H36: =VLOOKUP(B36,Sheet1!$F$2:$N$100,8,False) | I36: =VLOOKUP(B36,Sheet1!$F$2:$N$100,9,False)
A37: TDK | B37: KLZ2012MHR4R7WTD25 | C37: 1 | F37: =VLOOKUP(B37,Sheet1!$F$2:$N$100,6,False) | G37: =VLOOKUP(B37,Sheet1!$F$2:$N$100,7,False) | H37: =VLOOKUP(B37,Sheet1!$F$2:$N$100,8,False) | I37: =VLOOKUP(B37,Sheet1!$F$2:$N$100,9,False)
A38: Bourns | B38: SRP2010DPA-4R7M | C38: 1 | F38: =VLOOKUP(B38,Sheet1!$F$2:$N$100,6,False) -> Murata Electronics | G38: =VLOOKUP(B38,Sheet1!$F$2:$N$100,7,False) -> DFE201610E-4R7M=P2 | H38: =VLOOKUP(B38,Sheet1!$F$2:$N$100,8,False) | I38: =VLOOKUP(B38,Sheet1!$F$2:$N$100,9,False)
A39: Inolux | B39: IN-S63AT5A | C39: 4 | F39: =VLOOKUP(B39,Sheet1!$F$2:$N$100,6,False) | G39: =VLOOKUP(B39,Sheet1!$F$2:$N$100,7,False) | H39: =VLOOKUP(B39,Sheet1!$F$2:$N$100,8,False) | I39: =VLOOKUP(B39,Sheet1!$F$2:$N$100,9,False)
A40: Murata Electronics | B40: PKLCS1212E40A1-R1 | C40: 1 | F40: =VLOOKUP(B40,Sheet1!$F$2:$N$100,6,False) | G40: =VLOOKUP(B40,Sheet1!$F$2:$N$100,7,False) | H40: =VLOOKUP(B40,Sheet1!$F$2:$N$100,8,False) | I40: =VLOOKUP(B40,Sheet1!$F$2:$N$100,9,False)
A41: Eaton | B41: NRSE104F3950B1F | C41: 5 | F41: =VLOOKUP(B41,Sheet1!$F$2:$N$100,6,False) | G41: =VLOOKUP(B41,Sheet1!$F$2:$N$100,7,False) | H41: =VLOOKUP(B41,Sheet1!$F$2:$N$100,8,False) | I41: =VLOOKUP(B41,Sheet1!$F$2:$N$100,9,False)
A42: Samtec | B42: 20021121-00010T1LF | C42: 1 | F42: =VLOOKUP(B42,Sheet1!$F$2:$N$100,6,False) -> Metz Connect USA | G42: =VLOOKUP(B42,Sheet1!$F$2:$N$100,7,False) -> PM20B05VBDN | H42: =VLOOKUP(B42,Sheet1!$F$2:$N$100,8,False) | I42: =VLOOKUP(B42,Sheet1!$F$2:$N$100,9,False)
A43: BX48-60 | B43: R7.12 | C43: 1
A44: Infineon Technologies | B44: BSS123NH6327XTSA1 | C44: 10
A45: Infineon Technologies | B45: BSR316PH6327XTSA1 | C45: 2
A46: Infineon Technologies | B46: BAT54-05E6327 | C46: 6
A47: Infineon Technologies | B47: IAUT300N08S5N012 | C47: 6 | D47: Alpha & Omega Semiconductor Inc. | E47: AOTL66810
A48: Infineon Technologies | B48: IPD70N12S3-11 | C48: 2 | D48: Diodes Incorporated | E48: DMT10H025SK3-13 | F48: =VLOOKUP(B48,Sheet1!$F$2:$N$100,6,False) | G48: =VLOOKUP(B48,Sheet1!$F$2:$N$100,7,False) | H48: =VLOOKUP(B48,Sheet1!$F$2:$N$100,8,False) | I48: =VLOOKUP(B48,Sheet1!$F$2:$N$100,9,False)
A49: KOA Speer | B49: RK73H2ATTD4R70F | C49: 22 | F49: =VLOOKUP(B49,Sheet1!$F$2:$N$100,6,False) -> Panasonic | G49: =VLOOKUP(B49,Sheet1!$F$2:$N$100,7,False) -> ERJ-HP6F4R70V | H49: =VLOOKUP(B49,Sheet1!$F$2:$N$100,8,False) | I49: =VLOOKUP(B49,Sheet1!$F$2:$N$100,9,False)
A50: Panasonic | B50: ERJ-P08J220V | C50: 16 | F50: =VLOOKUP(B50,Sheet1!$F$2:$N$100,6,False) -> KOA Speer | G50: =VLOOKUP(B50,Sheet1!$F$2:$N$100,7,False) -> SG73P2BTTD220J | H50: =VLOOKUP(B50,Sheet1!$F$2:$N$100,8,False) | I50: =VLOOKUP(B50,Sheet1!$F$2:$N$100,9,False)
A51: KOA Speer | B51: RK73H2ATTE10R0F | C51: 6 | F51: =VLOOKUP(B51,Sheet1!$F$2:$N$100,6,False) -> Panasonic | G51: =VLOOKUP(B51,Sheet1!$F$2:$N$100,7,False) -> ERJ-HP6F10R0V | H51: =VLOOKUP(B51,Sheet1!$F$2:$N$100,8,False) | I51: =VLOOKUP(B51,Sheet1!$F$2:$N$100,9,False)
A52: Stackpole Electronics | B52: RMCF0402FT10K0 | C52: 28 | F52: =VLOOKUP(B52,Sheet1!$F$2:$N$100,6,False) -> Panasonic | G52: =VLOOKUP(B52,Sheet1!$F$2:$N$100,7,False) -> ERJ-2RKF1002X | H52: =VLOOKUP(B52,Sheet1!$F$2:$N$100,8,False) | I52: =VLOOKUP(B52,Sheet1!$F$2:$N$100,9,False)
A53: Stackpole Electronics | B53: RMCF0402FT1K00 | C53: 32 | F53: =VLOOKUP(B53,Sheet1!$F$2:$N$100,6,False) -> Panasonic | G53: =VLOOKUP(B53,Sheet1!$F$2:$N$100,7,False) -> ERJ-2RKF1001X | H53: =VLOOKUP(B53,Sheet1!$F$2:$N$100,8,False) | I53: =VLOOKUP(B53,Sheet1!$F$2:$N$100,9,False)
A54: Stackpole Electronics | B54: RMCF0402FT100R | C54: 8 | F54: =VLOOKUP(B54,Sheet1!$F$2:$N$100,6,False) -> Panasonic | G54: =VLOOKUP(B54,Sheet1!$F$2:$N$100,7,False) -> ERJ-2RKF1000X | H54: =VLOOKUP(B54,Sheet1!$F$2:$N$100,8,False) | I54: =VLOOKUP(B54,Sheet1!$F$2:$N$100,9,False)
A55: Vishay | B55: CRCW080539R0FKEA | C55: 4 | F55: =VLOOKUP(B55,Sheet1!$F$2:$N$100,6,False) -> Panasonic | G55: =VLOOKUP(B55,Sheet1!$F$2:$N$100,7,False) -> ERJ-6ENF39R0V | H55: =VLOOKUP(B55,Sheet1!$F$2:$N$100,8,False) -> Stackpole | I55: =VLOOKUP(B55,Sheet1!$F$2:$N$100,9,False) -> RMCF0805FT39R0
A56: Stackpole Electronics | B56: RMCF0805FT150K | C56: 2 | D56: Vishay Dale | E56: CRCW0805150KFKEA | F56: =VLOOKUP(B56,Sheet1!$F$2:$N$100,6,False) -> Panasonic | G56: =VLOOKUP(B56,Sheet1!$F$2:$N$100,7,False) -> ERJ-6ENF1503V | H56: =VLOOKUP(B56,Sheet1!$F$2:$N$100,8,False) | I56: =VLOOKUP(B56,Sheet1!$F$2:$N$100,9,False)
A57: Stackpole Electronics | B57: RMCF0402FT47K0 | C57: 5 | F57: =VLOOKUP(B57,Sheet1!$F$2:$N$100,6,False) -> Panasonic | G57: =VLOOKUP(B57,Sheet1!$F$2:$N$100,7,False) -> ERJ-2RKF4702X | H57: =VLOOKUP(B57,Sheet1!$F$2:$N$100,8,False) | I57: =VLOOKUP(B57,Sheet1!$F$2:$N$100,9,False)
A58: Stackpole Electronics | B58: RMCF0402FT2K20 | C58: 3 | F58: =VLOOKUP(B58,Sheet1!$F$2:$N$100,6,False) -> Panasonic | G58: =VLOOKUP(B58,Sheet1!$F$2:$N$100,7,False) -> ERJ-2RKF2201X | H58: =VLOOKUP(B58,Sheet1!$F$2:$N$100,8,False) | I58: =VLOOKUP(B58,Sheet1!$F$2:$N$100,9,False)
A59: Stackpole Electronics | B59: RMCF0402FT49R9 | C59: 41 | F59: =VLOOKUP(B59,Sheet1!$F$2:$N$100,6,False) -> Panasonic | G59: =VLOOKUP(B59,Sheet1!$F$2:$N$100,7,False) -> ERJ-2RKF49R9X | H59: =VLOOKUP(B59,Sheet1!$F$2:$N$100,8,False) | I59: =VLOOKUP(B59,Sheet1!$F$2:$N$100,9,False)
A60: Stackpole Electronics | B60: RMCF0402ZT0R00 | C60: 15 | F60: =VLOOKUP(B60,Sheet1!$F$2:$N$100,6,False) -> Panasonic | G60: =VLOOKUP(B60,Sheet1!$F$2:$N$100,7,False) -> ERJ-2GE0R00X | H60: =VLOOKUP(B60,Sheet1!$F$2:$N$100,8,False) | I60: =VLOOKUP(B60,Sheet1!$F$2:$N$100,9,False)
A61: Stackpole Electronics | B61: RMCF0402FT100K | C61: 27 | D61: YAGEO | E61: AC0402FR-07100KL | F61: =VLOOKUP(B61,Sheet1!$F$2:$N$100,6,False) -> Panasonic | G61: =VLOOKUP(B61,Sheet1!$F$2:$N$100,7,False) -> ERJ-2RKF1003X | H61: =VLOOKUP(B61,Sheet1!$F$2:$N$100,8,False) | I61: =VLOOKUP(B61,Sheet1!$F$2:$N$100,9,False)
A62: Stackpole Electronics | B62: RMCF0402FT1M00 | C62: 8 | D62: YAGEO | E62: AC0402FR-071ML | F62: =VLOOKUP(B62,Sheet1!$F$2:$N$100,6,False) -> Panasonic | G62: =VLOOKUP(B62,Sheet1!$F$2:$N$100,7,False) -> ERJ-2RKF1004X | H62: =VLOOKUP(B62,Sheet1!$F$2:$N$100,8,False) | I62: =VLOOKUP(B62,Sheet1!$F$2:$N$100,9,False)
A63: Stackpole Electronics | B63: RMCF0603FT100K | C63: 2 | D63: YAGEO | E63: AC0603FR-07100KL | F63: =VLOOKUP(B63,Sheet1!$F$2:$N$100,6,False) -> Panasonic | G63: =VLOOKUP(B63,Sheet1!$F$2:$N$100,7,False) -> ERJ-3EKF1003V | H63: =VLOOKUP(B63,Sheet1!$F$2:$N$100,8,False) | I63: =VLOOKUP(B63,Sheet1!$F$2:$N$100,9,False)
A64: Bourns | B64: CSS2H-3920R-L200F | C64: 1 | F64: =VLOOKUP(B64,Sheet1!$F$2:$N$100,6,False) | G64: =VLOOKUP(B64,Sheet1!$F$2:$N$100,7,False) | H64: =VLOOKUP(B64,Sheet1!$F$2:$N$100,8,False) | I64: =VLOOKUP(B64,Sheet1!$F$2:$N$100,9,False)
A65: Stackpole | B65: RMCF0603FT910K | C65: 1 | F65: =VLOOKUP(B65,Sheet1!$F$2:$N$100,6,False) -> Panasonic | G65: =VLOOKUP(B65,Sheet1!$F$2:$N$100,7,False) -> ERJ-3EKF9103V | H65: =VLOOKUP(B65,Sheet1!$F$2:$N$100,8,False) | I65: =VLOOKUP(B65,Sheet1!$F$2:$N$100,9,False)
A66: Stackpole Electronics | B66: RMCF0402FT4K70 | C66: 4 | F66: =VLOOKUP(B66,Sheet1!$F$2:$N$100,6,False) -> Panasonic | G66: =VLOOKUP(B66,Sheet1!$F$2:$N$100,7,False) -> ERJ-2RKF4701X | H66: =VLOOKUP(B66,Sheet1!$F$2:$N$100,8,False) | I66: =VLOOKUP(B66,Sheet1!$F$2:$N$100,9,False)
A67: Panasonic | B67: ERJ-PA3J220V | C67: 7 | F67: =VLOOKUP(B67,Sheet1!$F$2:$N$100,6,False) -> KOA Speer | G67: =VLOOKUP(B67,Sheet1!$F$2:$N$100,7,False) -> SG73P1JTTD220J | H67: =VLOOKUP(B67,Sheet1!$F$2:$N$100,8,False) | I67: =VLOOKUP(B67,Sheet1!$F$2:$N$100,9,False)
A68: Rohm | B68: LTR18EZPF60R4 | C68: 1 | F68: =VLOOKUP(B68,Sheet1!$F$2:$N$100,6,False) | G68: =VLOOKUP(B68,Sheet1!$F$2:$N$100,7,False) | H68: =VLOOKUP(B68,Sheet1!$F$2:$N$100,8,False) | I68: =VLOOKUP(B68,Sheet1!$F$2:$N$100,9,False)
A69: Panasonic | B69: ERJ-P06J102V | C69: 1 | F69: =VLOOKUP(B69,Sheet1!$F$2:$N$100,6,False) -> KOA Speer | G69: =VLOOKUP(B69,Sheet1!$F$2:$N$100,7,False) -> SG73P2ATTD102J | H69: =VLOOKUP(B69,Sheet1!$F$2:$N$100,8,False) | I69: =VLOOKUP(B69,Sheet1!$F$2:$N$100,9,False)
A70: Stackpole Electronics | B70: RMCF0402FT180K | C70: 2 | F70: =VLOOKUP(B70,Sheet1!$F$2:$N$100,6,False) | G70: =VLOOKUP(B70,Sheet1!$F$2:$N$100,7,False) | H70: =VLOOKUP(B70,Sheet1!$F$2:$N$100,8,False) | I70: =VLOOKUP(B70,Sheet1!$F$2:$N$100,9,False)
A71: Stackpole Electronics | B71: RMCF0402FT33K0 | C71: 3 | D71: YAGEO | E71: AC0402FR-0733KL | F71: =VLOOKUP(B71,Sheet1!$F$2:$N$100,6,False) -> Panasonic | G71: =VLOOKUP(B71,Sheet1!$F$2:$N$100,7,False) -> ERJ-2RKF3302X | H71: =VLOOKUP(B71,Sheet1!$F$2:$N$100,8,False) | I71: =VLOOKUP(B71,Sheet1!$F$2:$N$100,9,False)
A72: Stackpole Electronics | B72: RMCF0805FT470K | C72: 2 | F72: =VLOOKUP(B72,Sheet1!$F$2:$N$100,6,False) -> Panasonic | G72: =VLOOKUP(B72,Sheet1!$F$2:$N$100,7,False) -> ERJ-6ENF4703V | H72: =VLOOKUP(B72,Sheet1!$F$2:$N$100,8,False) | I72: =VLOOKUP(B72,Sheet1!$F$2:$N$100,9,False)
A73: Stackpole Electronics | B73: RMCF0402FT22K0 | C73: 1 | F73: =VLOOKUP(B73,Sheet1!$F$2:$N$100,6,False) -> Panasonic | G73: =VLOOKUP(B73,Sheet1!$F$2:$N$100,7,False) -> ERJ-2RKF2202X | H73: =VLOOKUP(B73,Sheet1!$F$2:$N$100,8,False) | I73: =VLOOKUP(B73,Sheet1!$F$2:$N$100,9,False)
A74: Stackpole Electronics | B74: RMCF0402FT220K | C74: 3 | F74: =VLOOKUP(B74,Sheet1!$F$2:$N$100,6,False) -> Panasonic | G74: =VLOOKUP(B74,Sheet1!$F$2:$N$100,7,False) -> ERJ-2RKF2203X | H74: =VLOOKUP(B74,Sheet1!$F$2:$N$100,8,False) | I74: =VLOOKUP(B74,Sheet1!$F$2:$N$100,9,False)
A75: Yageo | B75: RL0603FR-070R47L | C75: 1 | F75: =VLOOKUP(B75,Sheet1!$F$2:$N$100,6,False) -> Panasonic | G75: =VLOOKUP(B75,Sheet1!$F$2:$N$100,7,False) -> ERJ-3RQFR47V | H75: =VLOOKUP(B75,Sheet1!$F$2:$N$100,8,False) -> Stackpole | I75: =VLOOKUP(B75,Sheet1!$F$2:$N$100,9,False) -> RMCF0603JTR470
A76: Stackpole Electronics | B76: RMCF0402FT4R70 | C76: 3 | F76: =VLOOKUP(B76,Sheet1!$F$2:$N$100,6,False) | G76: =VLOOKUP(B76,Sheet1!$F$2:$N$100,7,False) | H76: =VLOOKUP(B76,Sheet1!$F$2:$N$100,8,False) | I76: =VLOOKUP(B76,Sheet1!$F$2:$N$100,9,False)
A77: TE Connectivity CGS | B77: 35222R2JT | C77: 5 | F77: =VLOOKUP(B77,Sheet1!$F$2:$N$100,6,False) -> Stackpole | G77: =VLOOKUP(B77,Sheet1!$F$2:$N$100,7,False) -> CSRT2512FT2R20 | H77: =VLOOKUP(B77,Sheet1!$F$2:$N$100,8,False) | I77: =VLOOKUP(B77,Sheet1!$F$2:$N$100,9,False)
A78: TDK | B78: NTCG103JF103FT1S | C78: 3 | F78: =VLOOKUP(B78,Sheet1!$F$2:$N$100,6,False) | G78: =VLOOKUP(B78,Sheet1!$F$2:$N$100,7,False) | H78: =VLOOKUP(B78,Sheet1!$F$2:$N$100,8,False) | I78: =VLOOKUP(B78,Sheet1!$F$2:$N$100,9,False)
A79: Molex | B79: 5051511000 | C79: 1
A80: Molex | B80: 5031492200 | C80: 1
A81: Molex | B81: 5051511200 | C81: 1
A82: Infineon Technologies | B82: TLE9012DQU | C82: 2 | F82: =VLOOKUP(B82,Sheet1!$F$2:$N$100,6,False) | G82: =VLOOKUP(B82,Sheet1!$F$2:$N$100,7,False) | H82: =VLOOKUP(B82,Sheet1!$F$2:$N$100,8,False) | I82: =VLOOKUP(B82,Sheet1!$F$2:$N$100,9,False)
A83: Texas Instruments | B83: TPS48111LQDGXRQ1 | C83: 1 | F83: =VLOOKUP(B83,Sheet1!$F$2:$N$100,6,False) | G83: =VLOOKUP(B83,Sheet1!$F$2:$N$100,7,False) | H83: =VLOOKUP(B83,Sheet1!$F$2:$N$100,8,False) | I83: =VLOOKUP(B83,Sheet1!$F$2:$N$100,9,False)
A84: Texas Instruments | B84: TCAN1042HVDRQ1 | C84: 1 | F84: =VLOOKUP(B84,Sheet1!$F$2:$N$100,6,False) | G84: =VLOOKUP(B84,Sheet1!$F$2:$N$100,7,False) | H84: =VLOOKUP(B84,Sheet1!$F$2:$N$100,8,False) | I84: =VLOOKUP(B84,Sheet1!$F$2:$N$100,9,False)
A85: Texas Instruments | B85: TLV9032QDDFRQ1 | C85: 1 | F85: =VLOOKUP(B85,Sheet1!$F$2:$N$100,6,False) | G85: =VLOOKUP(B85,Sheet1!$F$2:$N$100,7,False) | H85: =VLOOKUP(B85,Sheet1!$F$2:$N$100,8,False) | I85: =VLOOKUP(B85,Sheet1!$F$2:$N$100,9,False)
A86: Texas Instruments | B86: INA296A3IDDFR | C86: 1 | F86: =VLOOKUP(B86,Sheet1!$F$2:$N$100,6,False) | G86: =VLOOKUP(B86,Sheet1!$F$2:$N$100,7,False) | H86: =VLOOKUP(B86,Sheet1!$F$2:$N$100,8,False) | I86: =VLOOKUP(B86,Sheet1!$F$2:$N$100,9,False)
A87: Diodes | B87: 74LVC1G125QW5-7 | C87: 6 | F87: =VLOOKUP(B87,Sheet1!$F$2:$N$100,6,False) | G87: =VLOOKUP(B87,Sheet1!$F$2:$N$100,7,False) | H87: =VLOOKUP(B87,Sheet1!$F$2:$N$100,8,False) | I87: =VLOOKUP(B87,Sheet1!$F$2:$N$100,9,False)
A88: Texas Instruments | B88: TLV9061SQDBVRQ1 | C88: 3 | F88: =VLOOKUP(B88,Sheet1!$F$2:$N$100,6,False) | G88: =VLOOKUP(B88,Sheet1!$F$2:$N$100,7,False) | H88: =VLOOKUP(B88,Sheet1!$F$2:$N$100,8,False) | I88: =VLOOKUP(B88,Sheet1!$F$2:$N$100,9,False)
A89: Epson | B89: RA8900CEUB | C89: 1 | F89: =VLOOKUP(B89,Sheet1!$F$2:$N$100,6,False) -> Epson | G89: =VLOOKUP(B89,Sheet1!$F$2:$N$100,7,False) -> RX8900CEUB | H89: =VLOOKUP(B89,Sheet1!$F$2:$N$100,8,False) | I89: =VLOOKUP(B89,Sheet1!$F$2:$N$100,9,False)
A90: Texas Instruments | B90: TLV7031QDBVRQ1 | C90: 1 | F90: =VLOOKUP(B90,Sheet1!$F$2:$N$100,6,False) | G90: =VLOOKUP(B90,Sheet1!$F$2:$N$100,7,False) | H90: =VLOOKUP(B90,Sheet1!$F$2:$N$100,8,False) | I90: =VLOOKUP(B90,Sheet1!$F$2:$N$100,9,False)
A91: Cypress Semiconductor | B91: S25FL064LABMFM010 | C91: 1 | F91: =VLOOKUP(B91,Sheet1!$F$2:$N$100,6,False) | G91: =VLOOKUP(B91,Sheet1!$F$2:$N$100,7,False) | H91: =VLOOKUP(B91,Sheet1!$F$2:$N$100,8,False) | I91: =VLOOKUP(B91,Sheet1!$F$2:$N$100,9,False)
A92: Infineon Technologies | B92: SAK-TC212L-8F133F AC | C92: 1 | F92: =VLOOKUP(B92,Sheet1!$F$2:$N$100,6,False) | G92: =VLOOKUP(B92,Sheet1!$F$2:$N$100,7,False) | H92: =VLOOKUP(B92,Sheet1!$F$2:$N$100,8,False) | I92: =VLOOKUP(B92,Sheet1!$F$2:$N$100,9,False)
A93: Texas Instruments | B93: LM5164QDDARQ1 | C93: 1 | F93: =VLOOKUP(B93,Sheet1!$F$2:$N$100,6,False) | G93: =VLOOKUP(B93,Sheet1!$F$2:$N$100,7,False) | H93: =VLOOKUP(B93,Sheet1!$F$2:$N$100,8,False) | I93: =VLOOKUP(B93,Sheet1!$F$2:$N$100,9,False)
A94: Texas Instruments | B94: 74LVC2G240DP-Q100H | C94: 1 | F94: =VLOOKUP(B94,Sheet1!$F$2:$N$100,6,False) | G94: =VLOOKUP(B94,Sheet1!$F$2:$N$100,7,False) | H94: =VLOOKUP(B94,Sheet1!$F$2:$N$100,8,False) | I94: =VLOOKUP(B94,Sheet1!$F$2:$N$100,9,False)
A95: Infineon Technologies | B95: TLF35584QVVS2 | C95: 1
A96: Abracon LLC | B96: ABM8GAIG-20.000MHZ-8-7Z-T3 | C96: 1 | D96: NDK | E96: NX3225SA-20.000M-STD-CRS-2

Sheet Sheet1
A1: Designator | B1: Comment | C1: Description | D1: Footprint | E1: Manufacturer | F1: Manufacturer Part Number | G1: Manufacturer (Alternate) | H1: Manufacturer Part Number (Alternate) | I1: Layer | J1: Quantity | K1: Alternate Manufacturer Part Number 2 | L1: Alternate Manufacturer 2 | M1: Alternate Manufacturer Part Number 3 | N1: Alternate Manufacturer 3
A2: C1, C2, C11, C12, C17, C18, C19, C21, C29, C30, C35, C36, C41, C42, C47, C48, C53, C54, C59, C60 | B2: AQ: 330nF 25V X7R 0603 10% | C2: Cap Ceramic 0.33uF 25V X7R 10% SMD 0603 125°C Punched Paper T/R | D2: CAPC1608X08N | E2: TDK | F2: CGA3E3X7R1E334K080AB | I2: Bottom, Top | J2: 20 | K2: Samsung | L2: CL10B334KA8VPNC
A3: C3, C4 | B3: AQ: 0.1UF 100V X7R 10% 0805 | C3: Cap Ceramic 0.1uF 100V X7R 10% Pad SMD 0805 125C Automotive T/R | D3: CAPC2012X10N | E3: KEMET | F3: C0805C104K1RACAUTO | I3: Top | J3: 2 | K3: Murata Electronics | L3: GCJ21BR72A104KA01L | M3: Samsung | N3: CL21B104KCFWPNE
A4: C5, C6, C23, C24, C115, C128, C132, C162, C173 | B4: AQ: 0.22uF 100V X7R 10% 0805 ESD | C4: CAP CER 0805 220NF 100V X7R ESD | D4: CAPC2012X10N | E4: KEMET | F4: C0805C224K1RECAUTO | I4: Bottom, Top, None | J4: 9
A5: C7, C8, C13, C14, C25, C26, C31, C32, C37, C38, C43, C44, C49, C50, C55, C56, C77, C78, C93, C101, C136, C139, C154, C155, C163, C164, C168 | B5: AQ: 1UF 25V X7R 0805 10% | C5: Multilayer Ceramic Capacitors MLCC - SMD/SMT CGA 0805 25V 1uF X7R 10% AEC-Q200 | D5: CAPC2012X10N | E5: TDK | F5: CGA4J3X7R1E105K125AB | I5: Top, Bottom | J5: 27 | K5: Samsung | L5: CL21B105KAFVPNE
A6: C9, C10, C15, C16, C27, C28, C33, C34, C39, C40, C45, C46, C51, C52, C57, C58, C138, C212 | B6: AQ: 0.22uF 16V X7R 10% 0603 ESD | C6: Cap Ceramic 0.22uF 16V X7R 10% Pad SMD 0603 125C Automotive T/R | D6: CAPC1608X08N | E6: KEMET | F6: C0603C224K4RECAUTO | I6: Bottom, Top | J6: 18 | K6: KEMET | L6: C0603C224K3RECAUTO | M6: KEMET | N6: C0603C224K3RECAUTO
A7: C20, C22, C63, C64, C65, C75, C76, C79, C86, C87, C91, C92, C94, C97, C98, C99, C104, C106, C107, C108, C111, C112, C113, C114, C117, C119, C120, C122, C125, C126, C127, C129, C130, C131, C133, C135, C140, C141, C143, C144, C145, C147, C148, C149, C150, C152, C156, C157, C158, C159, C161, C165, C166, C167, C169, C170, C174, C188, C191, C195, C202, C203, C204, C207, C209 | B7: AQ: 0.1UF 25V X7R 10% 0402 | C7: TDK - CGA2B3X7R1E104K050BB - KONDENSATOR, 0.1µF, 25V, 10%, X7R, 0402 | D7: CAPC1005X03N | E7: TDK | F7: CGA2B3X7R1E104K050BB | I7: Bottom, Top | J7: 65 | K7: Samsung | L7: CL05B104KA54PNC
A8: C61, C62, C73, C74, C105, C109, C137 | B8: AQ: 1nF 100V C0G 0805 5% | C8: Cap Ceramic Multilayer 0.001uF 250VDC 5% SMD Paper T/R | D8: CAPC2012X10N | E8: Murata | F8: GCM21A5C2E102JX01D | I8: Top, Bottom | J8: 7 | K8: TDK | L8: CGA4F3C0G2E102J085AA
A9: C66, C146, C151, C199 | B9: AQ: 1UF 25V X7R 0603 10% | C9: CAP CER 1UF 25V X7R 0603 | D9: CAPC1608X08N | E9: TDK | F9: CGA3E1X7R1E105K080AC | I9: Bottom | J9: 4 | K9: Samsung | L9: CL10B105KA8VPNC
A10: C67, C68, C80, C81 | B10: AQ: 220pF 50V C0G 0402 5% | C10: Cap Ceramic 220pF 50V C0G 5% SMD 0402 125C Automotive T/R | D10: CAPC1005X03N | E10: Murata | F10: GCM1555C1H221JA16D | I10: Top | J10: 4 | K10: Samsung | L10: CL05C221JB51PNC
A11: C69, C71, C82, C84, C88 | B11: AQ: 4.7NF 16V X7R 10% 0603 ESD | C11: Cap Ceramic 0.0047uF 16V X7R 10% SMD 0603 125°C Paper T/R | D11: CAPC1608X08N | E11: KEMET | F11: C0603C472K4RECAUTO | I11: Bottom | J11: 5
A12: C70, C72, C83, C85, C89, C190 | B12: AQ: 10NF 16V X7R 10% 0603 | C12: Cap Ceramic 0.01uF 16V X7R 10% Pad SMD 0603 125C Automotive T/R | D12: CAPC1608X08N | E12: KEMET | F12: C0603C103K4RECAUTO | I12: Bottom | J12: 6
A13: C100, C110, C116, C123 | B13: AQ: 0.01UF 100V X7R 0603 | C13: TDK - CGA3E2X7R2A103K080AA - SMD Multilayer Ceramic Capacitor, 10000 pF, 100 V, 0603 [1608 Metric], ± 10%, X7R, CGA Series | D13: CAPC1608X08N | E13: TDK | F13: CGA3E2X7R2A103K080AA | I13: Bottom, Top | J13: 4 | K13: Samsung | L13: CL10B103KC8WPNC
A14: C118, C180, C181, C189, C193, C194, C196, C197, C198, C200 | B14: AQ: 10UF 25V X7R 20% 1206 | C14: Multilayer Ceramic Capacitors MLCC -SMD/SMT 10uF 25V X7R +/-20% 1206 AEC-Q200 | D14: CAPC3216X18N | E14: Taiyo Yuden | F14: TMK316AB7106MLHT | I14: Top, Bottom | J14: 10 | K14: Samsung Electro-Mech | L14: CL31B106KAHVPNE
A15: C153, C184 | B15: AQ: 47pF 50V C0G 5% 0402 | C15: AC Series 0402 47 pF 50 V ±5% NP0/C0G Multilayer Ceramic Capacitor | D15: CAPC1005X03N | E15: Yageo | F15: AC0402JRNPO9BN470 | I15: None, Top | J15: 2 | K15: Murata Electronics | L15: GCM1555C1H470JA16D | M15: Samsung | N15: CL05C470JB51PNC
A16: C171, C172 | B16: AQ: 12PF 50V C0G ±0.5PF 0402 | C16: 0402 12pF 50V ±0.5 pF Tolerance C0G SMT Multilayer Ceramic Capacitor | D16: CAPC1005X03N | E16: Murata | F16: GCM1555C1H120JA16J | I16: Top | J16: 2 | K16: Samsung | L16: CL05C120JB51PNC
A17: C176, C177 | B17: AQ: 2.2nF 50V X7R 10% 0402 | C17: MLCC 0.0022uF 50V X7R 10% Pad SMD 0402 125C Automotive T/R | D17: CAPC1005X03N | E17: Taiyo Yuden | F17: UMK105B7222KVHF | I17: Top, Bottom | J17: 2 | K17: Murata Electronics | L17: GCM155R71H222KA37D
A18: C183, C185, C187, C210 | B18: AQ: 2.2UF 100V X7R 10% 1210 | C18: Multilayer Ceramic Capacitors MLCC -SMD/SMT 2.2uF 100V X7R +/-10% 1210 AEC-Q200 | D18: CAPC3325X06N | E18: Taiyo Yuden | F18: HMK325B7225KMHP | I18: Bottom, Top | J18: 4 | K18: Murata Electronics | L18: GCJ32DR72A225KA01L
A19: COATING1 | B19: Conformal Coating | C19: HumiSeal® 1A33 Urethane Conformal Coating | E19: Chase Corp | F19: HumiSeal® 1A33 | I19: None | J19: 1
A20: CRMP1, CRMP4, CRMP5, CRMP8, CRMP9, CRMP12, CRMP13, CRMP16, CRMP17, CRMP20, CRMP21, CRMP24, CRMP25, CRMP28, CRMP29, CRMP32, CRMP33, CRMP36, CRMP37, CRMP40, CRMP43, CRMP44 | B20: CRIMP: 5051538000 MLX-DURA | C20: DuraClik TPA Wire-to-Board Crimp Receptacle Terminal, Female, Tin Plating | E20: Molex | F20: 5051538000 | I20: None | J20: 22
A21: CRMP2, CRMP3, CRMP6, CRMP7, CRMP10, CRMP11, CRMP14, CRMP15, CRMP18, CRMP19, CRMP22, CRMP23, CRMP26, CRMP27, CRMP30, CRMP31, CRMP34, CRMP35, CRMP38, CRMP39, CRMP41, CRMP42 | B21: CRIMP: 5025790000 MLX-CLK | C21: CONN 24-28AWG CRIMP TIN | E21: Molex | F21: 5025790000 | I21: None | J21: 22
A22: D1, D13 | B22: AQ: ZD_16V 0.5W SOD123 | C22: DIODE ZENER 16V 500MW SOD123 | D22: SODFL350X110-2N | E22: Nexperia | F22: BZT52H-B16-Q | I22: Bottom | J22: 2
A23: D2_1, D3_1 | B23: AQ: SD_150V 35A TO-252AE | C23: Diode Schottky 150V 35A Slimdpak | D23: DPAK229P900X140-3M | E23: Vishay | F23: V35PWM15HM3/I | I23: Bottom, Top | J23: 2
A24: D6, D12, D18 | B24: AQ: SD_100V 1A SOD-123W | C24: DIODE SCHOTTKY 100V 1A SOD123 | D24: SODFL350X110-2N | E24: Nexperia | F24: PMEG10010ELR-Q | I24: Top, Bottom | J24: 3
A25: D7, D14, D15 | B25: AQ: ZD_5V6 0.25W SOT23 | C25: DIODE ZENER 5.6V 250MW SOT23 | D25: SOT95P250X112-3N | E25: Nexperia | F25: BZX84-B5V6-Q | I25: Bottom | J25: 3
A26: D8, D17 | B26: AQ: TVS_64V 400W SOD-123W | C26: TVS DIODE 64VWM 103VC SOD123W | D26: SODFL350X110-2N | E26: Nexperia | F26: PTVS64VS1UR-Q | I26: Bottom | J26: 2
A27: D9, D11 | B27: AQ: TVS_13V 400W SOD-123W | C27: TVS DIODE 13VWM 21.5VC SOD123W | D27: SODFL350X110-2N | E27: Nexperia | F27: PTVS13VS1UR-Q | I27: Bottom | J27: 2
A28: D16 | B28: AQ: SD_100V 2A SOD-123W | C28: DIODE SCHOTTKY 100V 2A SOD123W | D28: SODFL350X110-2N | E28: Nexperia | F28: PMEG10020ELR-Q | I28: Top | J28: 1
A29: D19, D22, D23, D24, D25, D26 | B29: AQ: D_100V 0.215A SOT-23 | C29: PMBD914-Q - High-speed switching diode | D29: SOT95P250X112-3N | E29: Nexperia | F29: PMBD914-Q | I29: Bottom, Top | J29: 6
A30: D20, D21 | B30: AQ: ZD_4V3 0.25W SOD123 | C30: DIODE ZENER 4.3V 250MW SOT23 | D30: SOT95P250X112-3N | E30: Nexperia | F30: BZX84-B4V3-Q | I30: Top | J30: 2
A31: F1, F2 | B31: F: 80V 60A LittleFuse | C31: Chip type surface mountable device that can protect against both overcurrent and overcharging,60A AC 80 V DC Fuse Board Mount Surface Mount. | D31: ITV9550L5060MR | E31: LITTELFUSE | F31: ITV9550L5060MR | I31: Bottom, Top | J31: 2
A32: J1, J2, J8 | B32: CON PWR: 7460408 | C32: WP-BUCF REDCUBE PRESS-FIT with internal thread, circumference, L9W9H6mm, M5 x 6mm, 175A | D32: 7460408_chemical surface | E32: Wurth Elektronik | F32: 7460408 | I32: Top | J32: 3
A33: J3 | B33: CONN12: 5023521200 | C33: DuraClik Wire-to-Board Header, Single Row, Right-Angle, 12 Circuits, Tin (Sn) Plating, Natural | D33: CONN12: 5023521200 | E33: Molex | F33: 5023521200 | I33: Top | J33: 1
A34: J4 | B34: CONN 22: 5031482270 | C34: Clik-Mate1.5 Drra Smt Sn Hbp Etp 22P Nat |Molex 503148-2270 | D34: CONN 22: 2132282210 | E34: Molex | F34: 5031482270 | I34: Top | J34: 1
A35: J5 | B35: CONN 10: 5023521000 | C35: DuraClik Wire-to-Board Header, Single Row, Right-Angle, 10 Circuits, Tin (Sn) Plating, Natural | D35: FP-5023521010-MFG | E35: Molex | F35: 502352-1000 | I35: Top | J35: 1
A36: L1 | B36: AQ: 56UH 1.4A 0.11R | C36: Ind Power Shielded Wirewound 56uH 30% 100KHz 26Q-Factor Ferrite 1.6A T/R | D36: SRU_IND_BOURNS | E36: Bourns | F36: SRU1048A-560Y | I36: Top | J36: 1
A37: L2 | B37: AQ: 4.7UH 0.5A 0.39R | C37: FIXED IND 4.7UH 500MA 390MOHM SM | D37: INDC2012X08M | E37: TDK | F37: KLZ2012MHR4R7WTD25 | I37: Bottom | J37: 1
A38: L3 | B38: AQ: 4.7UH 1.1A 0.36R | C38: Ind, 2x1.6x1mm, 4.7uH 20%, 1.1A, shd | D38: INDC2116X10N | E38: Bourns | F38: SRP2010DPA-4R7M | I38: Top | J38: 1 | K38: Murata Electronics | L38: DFE201610E-4R7M=P2
A39: LD1, LD2, LD3, LD5 | B39: AQ: LD_RED 2mA 0603 | C39: LED Uni-Color Amber 609nm Automotive 2-Pin Chip 0603(1608Metric) T/R | D39: 0603 LED | E39: Inolux | F39: IN-S63AT5A | I39: Top | J39: 4
A40: LS1 | B40: BUZ: PKLCS1212E40A1-R1 | C40: Audio Sounder Piezo 25Vp-p 3Vp-p 75dBA Solder Pad Surface Mount T/R Automotive | D40: BUZ: PKLCS1212E40A1-R1 | E40: Murata Electronics | F40: PKLCS1212E40A1-R1 | I40: Top | J40: 1
A41: NTC1, NTC2, NTC3, NTC4, NTC5 | B41: NTC: NRSE104F3950B1F | C41: Thermistor, Ntc, 3950K, 10 Kohm Rohs Compliant: Yes |Eaton Bussmann NRSE104F3950B1F | E41: Eaton | F41: NRSE104F3950B1F | I41: None | J41: 5
A42: P1 | B42: 20021121-00010T1LF | C42: Male Header, Pitch 1.27 mm, 2 x 5 Position, Height 6.25 mm | D42: SMTC-FTSH-105-01-L-DV-K_V | E42: Samtec | F42: 20021121-00010T1LF | I42: Top | J42: 1 | K42: Metz Connect USA | L42: PM20B05VBDN
A43: PCB1 | B43: PCB | C43: PCB | F43: BX48-60 | I43: None | J43: 1
A44: Q1, Q3, Q4, Q6, Q11, Q12, Q13, Q16, Q17, Q22, Q31, Q34 | B44: AQ: N: BSS123NH6327XTSA1 | C44: MOSFET N-Ch 100V 190mA SOT-23-3 | D44: SOT95P250X112-3N | E44: Infineon Technologies | F44: BSS123NH6327XTSA1 | I44: Bottom, Top | J44: 12
A45: Q2, Q15, Q30 | B45: AQ: P: BSR316PH6327XTSA1 | C45: MOSFET SMALL SIGNAL+P-CH | D45: SOT95P250X112-3N | E45: Infineon Technologies | F45: BSR316PH6327XTSA1 | I45: Bottom, Top | J45: 3
A46: Q5, Q10, Q25, Q26, Q27, Q32 | B46: AQ: D_30V 0.2A | C46: Schottky Diodes & Rectifiers 30V 0.2A | D46: SOT95P250X112-3N | E46: Infineon Technologies | F46: BAT54-05E6327 | I46: Bottom, Top | J46: 6
A47: Q7_1, Q7_2, Q7_3, Q8_1, Q8_2, Q8_3 | B47: AQ N: IAUT300N10S5N015 | C47: OptiMOS-5 Power Transistor MOSFET N-Channel 100V 300A 8-Pin PG-HSOF-1 T/R | D47: INF-PG-HSOF-8-1-0-V | E47: Infineon Technologies | F47: IAUT300N10S5N015 | I47: Top, Bottom | J47: 6
A48: Q23, Q24 | B48: AQ N: IPD70N12S3-11 | C48: 120V, N-Ch, 11.1 mΩ max, Automotive MOSFET, DPAK, OptiMOS™-T, PG-TO252-3, RoHS | D48: TO228P998X235-3N-3-V | E48: Infineon Technologies | F48: IPD70N12S3-11 | I48: Top | J48: 2
A49: R1, R2, R3, R4, R7, R8, R11, R13, R19, R20, R23, R24, R27, R28, R33, R34, R37, R38, R41, R42, R281, R282 | B49: AQ: 4R7 1/4W 1% 0805 | C49: Res Thick Film 0805 4.7 Ohm 1% 0.25W(1/4W) ±200ppm/C Pad SMD Automotive T/R | D49: RESC2012X05L | E49: KOA Speer | F49: RK73H2ATTD4R70F | I49: Bottom, Top | J49: 22 | K49: Panasonic | L49: ERJ-HP6F4R70V
A50: R5, R6, R9, R10, R17, R18, R21, R22, R25, R26, R31, R32, R35, R36, R39, R40 | B50: AQ: 22R 2/3W 5% 1206 | C50: Res Thick Film 1206 22 Ohm 5% 0.33W ±200ppm/°C Molded SMD Punched Carrier T/R | D50: RESC3115X06N | E50: Panasonic | F50: ERJ-P08J220V | I50: Bottom, Top | J50: 16 | K50: KOA Speer | L50: SG73P2BTTD220J
A51: R12, R14, R64, R70, R88, R95 | B51: AQ: 10R 1/4W 1% 0805 | C51: Thick Film Resistors - SMD 10 ohm 1% 0.25W AEC-Q200 | D51: RESC2012X05N | E51: KOA Speer | F51: RK73H2ATTE10R0F | I51: Bottom, Top | J51: 6 | K51: Panasonic | L51: ERJ-HP6F10R0V
A52: R15, R16, R104, R112, R118, R123, R125, R128, R130, R133, R147, R153, R161, R167, R169, R179, R184, R185, R187, R189, R190, R191, R199, R200, R244, R262, R293 | B52: AQ: 10K 1/16W 1% 0402 | C52: RES 10K OHM 1% 1/16W 0402 | D52: RESC1005X04N | E52: Stackpole Electronics | F52: RMCF0402FT10K0 | I52: Bottom, Top | J52: 27 | K52: Panasonic | L52: ERJ-2RKF1002X
A53: R29, R30, R43, R51, R52, R69, R80, R83, R85, R111, R115, R120, R122, R132, R134, R143, R150, R162, R165, R168, R170, R173, R198, R221, R230, R231, R242, R243, R253, R269, R271, R274, R277, R299 | B53: AQ: 1K 1/16W 1% 0402 | C53: RES 1K OHM 1% 1/16W 0402 | D53: RESC1005X04N | E53: Stackpole Electronics | F53: RMCF0402FT1K00 | I53: Bottom, Top | J53: 34 | K53: Panasonic | L53: ERJ-2RKF1001X
A54: R44, R45, R46, R53, R54, R61, R63, R114, R124 | B54: AQ: 100R 1/16W 1% 0402 | C54: Res Thick Film 0402 100 Ohm 1% 0.063W(1/16W) ±100ppm/C Pad SMD Automotive T/R | D54: RESC1005X04M | E54: Stackpole Electronics | F54: RMCF0402FT100R | I54: Top, Bottom | J54: 9 | K54: Panasonic | L54: ERJ-2RKF1000X
A55: R47, R48, R56, R57 | B55: AQ: 39R 1/8W 1% 0805 | C55: Res Thick Film 0805 39 Ohm 1% 1/8W ±100ppm/°C Molded SMD SMD Paper T/R | D55: RESC2012X05N | E55: Vishay | F55: CRCW080539R0FKEA | I55: Top | J55: 4 | K55: Panasonic | L55: ERJ-6ENF39R0V | M55: Stackpole | N55: RMCF0805FT39R0
A56: R49, R110, R145, R149 | B56: AQ: 150K 1/8W 1% 0805 | C56: RES SMD 150k OHM 1% 1/8W 0805 | D56: RESC2012X05L | E56: Stackpole Electronics | F56: RMCF0805FT150K | G56: Vishay Dale | H56: CRCW0805150KFKEA | I56: Bottom, Top | J56: 4 | K56: Panasonic | L56: ERJ-6ENF1503V
A57: R50, R214, R236, R237, R280 | B57: AQ: 47K0 1/16W 1% 0402 | C57: Res Thick Film 0402 47K Ohm 1% 1/16W 100ppm/C Molded SMD SMD Paper T/R | D57: RESC1005X04N | E57: Stackpole Electronics | F57: RMCF0402FT47K0 | I57: Bottom, Top | J57: 5 | K57: Panasonic | L57: ERJ-2RKF4702X
A58: R58, R93, R126, R302 | B58: AQ: 2K2 1/16W 1% 0402 | C58: RES 2.2K OHM 1% 1/16W 0402 | D58: RESC1005X04N | E58: Stackpole Electronics | F58: RMCF0402FT2K20 | I58: Top, Bottom | J58: 4 | K58: Panasonic | L58: ERJ-2RKF2201X
A59: R60, R62, R67, R68, R78, R84, R92, R96, R113, R119, R129, R155, R158, R171, R178, R180, R181, R182, R192, R193, R194, R197, R202, R203, R204, R205, R206, R207, R216, R217, R218, R219, R226, R239, R246, R252, R254, R255, R256, R257, R294, R295 | B59: AQ: 49R9 1/16W 1% 0402 | C59: Res Thick Film 0402 49.9 Ohm 1% 0.063W ±100ppm/°C Molded SMD Paper T/R | D59: RESC1005X04N | E59: Stackpole Electronics | F59: RMCF0402FT49R9 | I59: Top, Bottom | J59: 42 | K59: Panasonic | L59: ERJ-2RKF49R9X
A60: R65, R71, R75, R76, R89, R97, R102, R105, R116, R121, R131, R140, R141, R144, R151, R152, R163, R166, R172, R183, R195, R196, R209, R210, R211, R213, R229, R238, R258, R292, R297, R300 | B60: AQ: 100K 1/16W 1% 0402 | C60: RES 100K OHM 1% 1/16W 0402 | D60: RESC1005X04N | E60: Stackpole Electronics | F60: RMCF0402FT100K | G60: YAGEO | H60: AC0402FR-07100KL | I60: Top, Bottom | J60: 32 | K60: Panasonic | L60: ERJ-2RKF1003X
A61: R72, R74, R86, R87, R94, R98, R157, R220, R223, R225, R251, R261, R283, R290 | B61: AQ: 0R 1/16W 1% 0402 | C61: RES 0 OHM JUMPER 1/16W 0402 | D61: RESC1005X04N | E61: Stackpole Electronics | F61: RMCF0402ZT0R00 | I61: Top, Bottom | J61: 14 | K61: Panasonic | L61: ERJ-2GE0R00X
A62: R73, R79, R156, R186, R188, R222, R232, R249 | B62: AQ: 1M 1/16W 1% 0402 | C62: RES 1M OHM 1% 1/16W 0402 | D62: RESC1005X04N | E62: Stackpole Electronics | F62: RMCF0402FT1M00 | G62: YAGEO | H62: AC0402FR-071ML | I62: Bottom, Top | J62: 8 | K62: Panasonic | L62: ERJ-2RKF1004X
A63: R82, R291 | B63: AQ: 100K 1/10W 1% 0603 | C63: RES 100K OHM 1% 1/10W 0603 | D63: RESC1608X04N | E63: Stackpole Electronics | F63: RMCF0603FT100K | G63: YAGEO | H63: AC0603FR-07100KL | I63: Bottom, Top | J63: 2 | K63: Panasonic | L63: ERJ-3EKF1003V
A64: R91 | B64: AQ: 0.0002R 5W 1% | C64: 0.2 mOhms ±1% 12W Chip Resistor 3920 (1052 Metric) Current Sense, Moisture Resistant Metal Element | D64: RESC10052X130N | E64: Bourns | F64: CSS2H-3920R-L200F | I64: Bottom | J64: 1
A65: R99 | B65: AQ: 1K69 1/16W 1% 0402 | C65: 1.69 kOhms ±1% 0.063W, 1/16W Chip Resistor 0402 (1005 Metric) Automotive AEC-Q200 Thick Film | D65: RESC1005X04N | E65: Stackpole Electronics | F65: RMCF0402FT1K69 | I65: Bottom | J65: 1 | K65: Panasonic | L65: ERJ-2RKF1691X
A66: R100, R146 | B66: AQ: 910K 1/10W 1% 0603 | C66: Res Thick Film 0603 910K Ohm 1% 1/10W ±100ppm/°C Molded SMD SMD Paper T/R | D66: RESC1608X04M | E66: Stackpole | F66: RMCF0603FT910K | I66: Bottom, Top | J66: 2 | K66: Panasonic | L66: ERJ-3EKF9103V
A67: R101, R174, R285, R286 | B67: AQ: 4.7K 1/16W 1% 0402 | C67: RES 4.7K OHM 1% 1/16W 0402 | D67: RESC1005X04N | E67: Stackpole Electronics | F67: RMCF0402FT4K70 | I67: Top | J67: 4 | K67: Panasonic | L67: ERJ-2RKF4701X
A68: R107_1, R107_2, R107_3, R109_1, R109_2, R109_3, R117 | B68: AQ: 22R 1/4W 5% 0603 | C68: Res Thick Film 0603 22 Ohm 5% 0.25W(1/4W) ±200ppm/C Pad SMD Automotive T/R | D68: RESC1608X04N | E68: Panasonic | F68: ERJ-PA3J220V | I68: Top, Bottom | J68: 7 | K68: KOA Speer | L68: SG73P1JTTD220J
A69: R135 | B69: AQ: 60R4 3/4W 1% 0612 | C69: Res High Power Thick Film 1206 60.4 Ohm 1% 3/4W ±100ppm/°C Molded Paper T/R | D69: RESC1632X06N | E69: Rohm | F69: LTR18EZPF60R4 | I69: Bottom | J69: 1
A70: R136 | B70: AQ: 1K 1/2W 5% 0805 | C70: Res Thick Film 0805 1K Ohm 5% 0.25W ±200ppm/°C Molded SMD Punched Carrier T/R | D70: RESC2012X05N | E70: Panasonic | F70: ERJ-P06J102V | I70: Bottom | J70: 1 | K70: KOA Speer | L70: SG73P2ATTD102J
A71: R137, R176 | B71: AQ: 180K 1/16W 1% 0402 | C71: Res Thick Film 0402 180K Ohm 1% 1/16W ±100ppm/°C Molded SMD SMD Paper T/R | D71: RESC1005X04M | E71: Stackpole Electronics | F71: RMCF0402FT180K | I71: Top | J71: 2
A72: R139, R154, R296 | B72: AQ: 33K 1/16W 1% 0402 | C72: Res Thick Film 0402 33K Ohm 1% 0.063W(1/16W) ±100ppm/C Pad SMD Automotive T/R, RES SMD 33K OHM 1% 1/16W 0402 | D72: RESC1005X04N | E72: Stackpole Electronics | F72: RMCF0402FT33K0 | G72: YAGEO | H72: AC0402FR-0733KL | I72: Top | J72: 3 | K72: Panasonic | L72: ERJ-2RKF3302X
A73: R142 | B73: AQ: 1M 1/8W 1% 0805 | C73: Res Thick Film 0805 1M Ohm 1% 1/8W ±200ppm/°C Molded SMD SMD Paper T/R | D73: RESC2012X05L | E73: Stackpole Electronics | F73: RMCF0805FG1M00 | I73: Bottom | J73: 1 | K73: Panasonic | L73: ERJ-6ENF1004V
A74: R148 | B74: AQ: 82K 1/16W 1% 0402 | C74: Res Thick Film 0402 82K Ohm 1% 0.063W(1/16W) ±100ppm/C Pad SMD Automotive T/R | D74: RESC1005X04N | E74: Stackpole Electronics | F74: RMCF0402FT82K0 | I74: Top | J74: 1 | K74: Panasonic | L74: ERJ-2RKF8202X
A75: R159, R234 | B75: AQ: 470K 1/8W 1% 0805 | C75: Res Thick Film 0805 470K Ohm 1% 1/8W ±100ppm/°C Molded SMD SMD Paper T/R | D75: RESC2012X05N | E75: Stackpole Electronics | F75: RMCF0805FT470K | I75: Top, Bottom | J75: 2 | K75: Panasonic | L75: ERJ-6ENF4703V
A76: R160 | B76: AQ: 22K 1/16W 1% 0402 | C76: Res Thick Film 0402 22K Ohm 1% 0.063W(1/16W) ±100ppm/C Pad SMD Automotive T/R | D76: RESC1005X04N | E76: Stackpole Electronics | F76: RMCF0402FT22K0 | I76: Top | J76: 1 | K76: Panasonic | L76: ERJ-2RKF2202X
A77: R233, R270, R278 | B77: AQ: 220K 1/16W 1% 0402 | C77: RES 220K OHM 1% 1/16W 0402 | D77: RESC1005X04N | E77: Stackpole Electronics | F77: RMCF0402FT220K | I77: Bottom, Top | J77: 3 | K77: Panasonic | L77: ERJ-2RKF2203X
A78: R235 | B78: 0.47R 1/10W 1% 0603 | C78: Res Thick Film 0603 0.47 Ohm 1% 0.1W(1/10W) ±800ppm/C Molded SMD Paper T/R | D78: RESC1608X04N | E78: Yageo | F78: RL0603FR-070R47L | I78: Bottom | J78: 1 | K78: Panasonic | L78: ERJ-3RQFR47V | M78: Stackpole | N78: RMCF0603JTR470
A79: R240, R241, R248 | B79: AQ: 4R7 1/16W 1% 0402 STK | C79: Res Thick Film 0402 4.7 Ohm 1% 0.063W(1/16W) ±200ppm/C Pad SMD Automotive T/R | D79: RESC1005X04N | E79: Stackpole Electronics | F79: RMCF0402FT4R70 | I79: Top, Bottom | J79: 3
A80: R263, R264, R265, R266, R267 | B80: AQ: 2R2 3W 5% 2512 | C80: Res Thick Film 2512 2.2 Ohm 5% 3W ±200ppm/C Pad SMD T/R | D80: RESC6431X06L_TE_3522 | E80: TE Connectivity CGS | F80: 35222R2JT | I80: Bottom, Top | J80: 5 | K80: Stackpole | L80: CSRT2512FT2R20
A81: R284, R287, R288 | B81: AQ: NTC 10K 1% 3380K 0402 | C81: Thermistor NTC 10K Ohm 1% 2-Pin 0402 Surface Mount Solder Pad 3435K T/R Automotive | D81: RESC1005X04N | E81: TDK | F81: NTCG103JF103FT1S | I81: Top, Bottom | J81: 3
A82: RECPT1 | B82: RECPT 10: 5051511000 MLX-DURA | C82: DuraClik TPA Wire-to-Board Receptacle Housing, 10 Circuits, Black | E82: Molex | F82: 5051511000 | I82: None | J82: 1
A83: RECPT2 | B83: RECPT 22: 5031492200 MLX-CLK | C83: 1.50mm Pitch, CLIK-Mate Plug Crimp Housing, Dual Row, Positive Lock, 22 Circuits, Beige | E83: Molex | F83: 5031492200 | I83: None | J83: 1
A84: RECPT3 | B84: RECPT 12: 5051511200 MLX-DURA | C84: DuraClik TPA Wire-to-Board Receptacle Housing, 12 Circuits, Black | E84: Molex | F84: 5051511200 | I84: None | J84: 1
A85: U1, U2 | B85: AQ IC: TLE9012DQU | C85: Li-Ion Battery Monitoring and Balancing IC | D85: QFP50P900X900X120-49N-V3 | E85: Infineon Technologies | F85: TLE9012DQU | I85: Bottom | J85: 2
A86: U3 | B86: AQ IC: TPS48111LQDGXRQ1 | C86: TPS48111-Q1 evaluation module for smart high-side driver | D86: VSSOP50P490X110-19N | E86: Texas Instruments | F86: TPS48111LQDGXRQ1 | I86: Top | J86: 1
A87: U4 | B87: AQ IC: TCAN1042HVDRQ1 | C87: IC TXRX CAN FAULT PROT 8SOIC | D87: SOIC127P600X175-8M | E87: Texas Instruments | F87: TCAN1042HVDRQ1 | I87: Top | J87: 1
A88: U5 | B88: AQ IC: TLV9032QDDFRQ1 | C88: Automotive, 1.65-V to 5.5-V, precision dual push-pull comparator 8-SOT-23-THIN -40 to 125 | D88: SOT65P280X110-8N | E88: Texas Instruments | F88: TLV9032QDDFRQ1 | I88: Bottom | J88: 1
A89: U6 | B89: IC: INA296A3IDDFR | C89: High-precision current sense amplifier , 50X, -4-V to 110-V, Bidirectional, 1-MHz, 5-V/µs, 8-SOT-23-THIN | D89: SOT65P280X110-8N | E89: Texas Instruments | F89: INA296A3IDDFR | I89: Bottom | J89: 1
A90: U7, U8, U12, U14, U15, U24 | B90: AQ: BUF: 74LVC1G125QW5-7 | D90: SOT95P280X145-5N | E90: Diodes | F90: 74LVC1G125QW5-7 | I90: Top, Bottom | J90: 6
A91: U9, U10, U11, U13 | B91: AQ IC: TLV9061-Q1 | C91: Operational Amplifiers - Op Amps AEC-Q100, 1-channel, 10-MHz, low-noise, RRIO, CMOS operational amplifier with shutdown capability 6-SOT-23 -40 to 125 | D91: SOT95P280X145-6N | E91: Texas Instruments | F91: TLV9061SQDBVRQ1 | I91: Bottom, Top | J91: 4
A92: U16 | B92: AQ IC: RA8900CE UB | C92: IC Rtc Clk/calendar I2C SMD | D92: RA8900CE_EPSON_10pin | E92: Epson | F92: RA8900CEUB | I92: Top | J92: 1 | K92: Epson | L92: RX8900CEUB
A93: U17 | B93: AQ: TLV7031QDBVRQ1 | C93: Automotive nano power comparator with push-pull output 5-SOT-23 -40 to 125 | D93: SOT95P280X145-5N | E93: Texas Instruments | F93: TLV7031QDBVRQ1 | I93: Top | J93: 1
A94: U18 | B94: AQ IC: S25FL064LABMFM010 | C94: IC FLASH 64M SPI 108MHZ 8SOIC | D94: SOIC127P800X216-8N | E94: Cypress Semiconductor | F94: S25FL064LABMFM010 | I94: Top | J94: 1
A95: U19 | B95: AQ IC: SAK-TC212L-8F133F AC | C95: 32-Bit Single-Chip Microcontroller | D95: QFP40P1200X1200X120-81N | E95: Infinenon Technologies | F95: SAK-TC212L-8F133F AC | I95: Top | J95: 1
A96: U20 | B96: AQ IC: LM5164QDDARQ1 | C96: 6-V to 100-V input, 3.5-A non-synchronous buck DC/DC converter with ultra-low quiescent current (IQ) | D96: SOIC127P600X170_HS-9N | E96: Texas Instruments | F96: LM5164QDDARQ1 | I96: Top | J96: 1
A97: U21 | B97: AQ: IC: 74LVC2G240DP-Q100H | C97: IC INVERTER DUAL 4-INPUT | D97: TSOP65P400X110-8N | F97: 74LVC2G240DP-Q100H | I97: Bottom | J97: 1
A98: U22 | B98: AQ IC: TLF35584QVVS2 | C98: Multi Voltage Safety Micro Processor Supply, (3.3V Variant) | D98: QFN50P700X700X90-49N-3-1 | E98: Infineon Technologies | F98: TLF35584QVVS2 | I98: Top | J98: 1
A99: X1 | B99: AQ: 20MHz 8pF | C99: Crystal 20.0000MHZ 8PF SMD | D99: OSCCC2216X05 | E99: NDK | F99: ABM8AIG-20.000MHZ-8-7Z-T3 | I99: Top | J99: 1
